SimulationSecond,ReceiveRate,PacketsReceived,NumberOfSinks,RoutingProtocol,TransmissionPower,WavePktsSent,WavePtksReceived,WavePktsPpr,ExpectedWavePktsReceived,ExpectedWavePktsInCoverageReceived,BSM_PDR1,BSM_PDR2,BSM_PDR3,BSM_PDR4,BSM_PDR5,BSM_PDR6,BSM_PDR7,BSM_PDR8,BSM_PDR9,BSM_PDR10,MacPhyOverhead
+0s,0,0,10,protocol,7.5,0,0,0,0,0,0,0,0,0,0,0,0,0,0,0,0
+1s,0,0,10,protocol,7.5,0,0,0,0,0,0,0,0,0,0,0,0,0,0,0,1
+2s,2.048,4,10,protocol,7.5,400,1244,3.11,286,286,1,0.985656,0.667382,0.414528,0.295066,0.228676,0.198152,0.198152,0.198152,0.198152,0.308575
+3s,2.56,5,10,protocol,7.5,400,1294,3.235,358,358,1,0.978131,0.680336,0.424262,0.294761,0.237518,0.203619,0.203619,0.203619,0.203619,0.31405
+4s,2.048,4,10,protocol,7.5,400,1341,3.3525,334,332,0.994012,0.972561,0.704307,0.446405,0.300134,0.242408,0.209662,0.209662,0.209662,0.209662,0.321285
+5s,4.608,9,10,protocol,7.5,400,1335,3.3375,348,348,1,0.986434,0.697857,0.429399,0.289337,0.239505,0.208855,0.208855,0.208855,0.208855,0.322056
+6s,2.048,4,10,protocol,7.5,400,1296,3.24,282,281,0.996454,0.976008,0.649299,0.405,0.27895,0.231594,0.198226,0.198226,0.198226,0.198226,0.318709
+7s,4.096,8,10,protocol,7.5,400,1230,3.075,262,262,1,0.979592,0.591346,0.379864,0.262596,0.218395,0.18642,0.18642,0.18642,0.18642,0.334792
+8s,2.048,4,10,protocol,7.5,400,1252,3.13,232,230,0.991379,0.96473,0.588346,0.367803,0.266213,0.221358,0.187313,0.187313,0.187313,0.187313,0.338121
+9s,2.048,4,10,protocol,7.5,400,1278,3.195,232,232,1,0.962963,0.6,0.371944,0.265586,0.222416,0.18772,0.18772,0.18772,0.18772,0.337094
